1,Tommy Jordan,Female,Cairo,2025-06-08,Egypt
2,Stephanie Watson DDS,Female,Cairo,2024-08-03,Egypt
3,Philip Strong,Female,Alexandria,2025-04-19,Egypt
4,Jeremiah West,Male,Cairo,2025-10-29,Egypt
5,Kelly Shields,Male,Cairo,2025-07-13,Egypt
6,Nathaniel Gordon,Female,Cairo,2025-06-10,Egypt
7,Joshua Mullins,Female,Cairo,2024-06-01,Egypt
8,Todd Cameron,Male,Cairo,2025-04-23,Egypt
9,William Mcgee,Male,Alexandria,2025-09-21,Egypt
10,Wendy Patterson,Female,Cairo,2025-04-12,Egypt
11,Shane Cole,Female,Giza,2024-07-25,Egypt
12,Dawn Matthews,Female,Giza,2024-08-25,Egypt
13,Brandon Franklin,Female,Cairo,2025-10-22,Egypt
14,John Marshall,Female,Giza,2024-07-15,Egypt
15,Joseph Morrison,Female,Beni Suef,2025-09-22,Egypt
16,Bruce Maldonado,Male,Asyut,2024-12-27,Egypt
17,Brandy Cooper,Male,Cairo,2024-09-01,Egypt
18,Jody Palmer,Male,Cairo,2025-08-30,Egypt
19,Ryan Gordon,Male,Beni Suef,2025-01-11,Egypt
20,William Rivera,Male,Giza,2025-09-10,Egypt
21,Stephen Martinez,Male,Cairo,2025-06-10,Egypt
22,Amanda Clark MD,Female,Beni Suef,2025-06-25,Egypt
23,Joshua Decker,Female,Cairo,2025-01-16,Egypt
24,Jessica Ramos,Female,Cairo,2024-11-08,Egypt
25,Mr. Kevin Hanson,Female,Cairo,2025-03-25,Egypt
26,Paul Reed,Male,Sohag,2024-02-14,Egypt
27,Daniel Moreno,Female,Beni Suef,2025-06-15,Egypt
28,Erica Santana,Female,Cairo,2025-06-11,Egypt
29,Zoe Gonzalez,Male,Cairo,2024-03-18,Egypt
30,David Jimenez,Female,Giza,2024-01-28,Egypt
31,Judy Morales,Female,Cairo,2025-09-09,Egypt
32,Joshua Blackwell,Male,Cairo,2024-11-07,Egypt
33,Jonathan Freeman,Male,Beni Suef,2025-10-16,Egypt
34,Leslie Davis,Female,Asyut,2025-07-31,Egypt
35,Ashley Peterson,Male,Cairo,2024-12-15,Egypt
36,Lindsey Lutz,Female,Asyut,2024-09-01,Egypt
37,Julie Bryan,Male,Beni Suef,2024-12-12,Egypt
38,Edwin Lopez,Female,Cairo,2025-05-27,Egypt
39,Kaitlyn Thompson,Male,Cairo,2024-12-01,Egypt
40,Nicholas Murphy,Male,Giza,2025-10-31,Egypt
41,Benjamin Martin,Male,Giza,2024-04-22,Egypt
42,Patrick Young,Female,Alexandria,2024-03-18,Egypt
43,Andrew Mathews,Female,Cairo,2025-03-26,Egypt
44,Stacy Avery,Male,Giza,2024-11-11,Egypt
45,Stephanie Andrews MD,Female,Giza,2024-02-19,Egypt
46,Mark Jensen,Female,Alexandria,2025-04-13,Egypt
47,Christina Nelson,Female,Giza,2024-12-11,Egypt
48,Michelle Anderson,Male,Cairo,2024-09-15,Egypt
49,Brittany Pearson,Male,Sohag,2025-05-10,Egypt
50,James Miller,Female,Alexandria,2025-01-16,Egypt
51,Jesse Lopez,Male,Cairo,2024-02-11,Egypt
52,Gabriella Johnson,Female,Cairo,2025-05-25,Egypt
53,Kimberly Morrison,Female,Alexandria,2024-08-27,Egypt
54,Charles Mills,Male,Beni Suef,2025-08-05,Egypt
55,Mark Martinez,Female,Cairo,2024-11-28,Egypt
56,Karen Hunter,Male,Cairo,2025-04-10,Egypt
57,Victor Flores,Male,Beni Suef,2024-10-05,Egypt
58,Dale Edwards,Female,Sohag,2024-08-18,Egypt
59,Adam Lara,Female,Asyut,2025-02-25,Egypt
60,Julian Potter,Female,Asyut,2025-07-31,Egypt
61,Maria Pena,Male,Cairo,2025-06-02,Egypt
62,Kathleen Keith,Female,Beni Suef,2025-02-09,Egypt
63,Mr. Louis Hahn,Male,Cairo,2024-11-11,Egypt
64,Brandon Taylor,Female,Cairo,2024-07-31,Egypt
65,Patricia Frazier,Female,Cairo,2025-07-11,Egypt
66,Renee Hartman,Male,Alexandria,2025-06-03,Egypt
67,Michael Stevenson,Male,Beni Suef,2024-06-20,Egypt
68,Natalie Guerrero,Male,Beni Suef,2024-09-24,Egypt
69,Kathryn Jackson,Female,Cairo,2024-10-09,Egypt
70,Troy Clark,Male,Cairo,2025-01-08,Egypt
71,Keith Smith,Male,Cairo,2026-01-20,Egypt
72,Danielle Shaw,Male,Cairo,2025-07-04,Egypt
73,Lori Calhoun,Male,Alexandria,2025-12-27,Egypt
74,Michael Ramos,Female,Sohag,2025-10-27,Egypt
75,Jennifer Hale,Male,Asyut,2024-04-30,Egypt
76,Daniel Brown,Female,Cairo,2025-07-21,Egypt
77,Joshua Wilson,Male,Cairo,2025-02-02,Egypt
78,Laura Henry,Female,Cairo,2025-04-24,Egypt
79,William Diaz,Female,Cairo,2024-06-03,Egypt
80,Kathleen Hill,Male,Asyut,2025-04-02,Egypt
81,Adam Baker,Female,Cairo,2025-12-23,Egypt
82,Andrea Johnson,Female,Cairo,2024-11-18,Egypt
83,Keith Nash,Male,Beni Suef,2025-08-10,Egypt
84,Michael Rice,Female,Cairo,2025-05-28,Egypt
85,Sarah Huynh,Male,Sohag,2024-02-14,Egypt
86,Allison Davis,Male,Cairo,2026-01-10,Egypt
87,Ryan Young,Male,Asyut,2025-02-13,Egypt
88,Preston Brooks,Female,Cairo,2025-10-11,Egypt
89,Holly Nguyen,Male,Beni Suef,2024-01-31,Egypt
90,Gabriela Rodriguez,Male,Alexandria,2026-01-12,Egypt
91,Richard Fox,Female,Cairo,2024-02-15,Egypt
92,Christopher Sanders,Male,Beni Suef,2024-11-26,Egypt
93,Richard Logan,Female,Cairo,2025-11-29,Egypt
94,Marc Leonard,Female,Cairo,2025-07-25,Egypt
95,Brittany Smith,Female,Beni Suef,2025-02-05,Egypt
96,Diamond Ruiz,Male,Cairo,2025-12-10,Egypt
97,Kaitlyn Martinez,Female,Cairo,2025-04-25,Egypt
98,Megan Clark,Female,Cairo,2024-11-25,Egypt
99,Eddie Bean,Male,Giza,2025-11-14,Egypt
100,Aaron French,Female,Cairo,2024-06-14,Egypt
101,Betty Bennett,Male,Alexandria,2025-01-18,Egypt
102,Adam Willis,Male,Cairo,2024-12-20,Egypt
103,Catherine Wade,Female,Cairo,2024-12-18,Egypt
104,Christopher Miller MD,Male,Asyut,2025-03-11,Egypt
105,Elizabeth Gordon,Female,Cairo,2024-12-13,Egypt
106,Jason Walls,Male,Cairo,2024-02-16,Egypt
107,Andrew Mccullough,Female,Cairo,2025-09-28,Egypt
108,Crystal Arnold,Male,Cairo,2024-05-27,Egypt
109,Sandra Smith,Female,Cairo,2025-06-23,Egypt
110,Jonathan Cervantes,Male,Cairo,2024-11-18,Egypt
111,Jeffrey Myers,Female,Giza,2025-07-04,Egypt
112,Jordan Allen,Female,Beni Suef,2025-06-30,Egypt
113,Thomas Smith,Male,Cairo,2025-04-11,Egypt
114,Claudia Fleming,Female,Asyut,2024-09-30,Egypt
115,Hunter Vega,Female,Sohag,2025-01-30,Egypt
116,Jessica Taylor,Female,Cairo,2024-11-16,Egypt
117,Theresa Kelly,Male,Beni Suef,2024-07-10,Egypt
118,Cory Rivers,Female,Beni Suef,2025-11-29,Egypt
119,Michael Montes,Male,Cairo,2024-04-29,Egypt
120,Erica Cook,Male,Cairo,2024-02-12,Egypt
121,Susan Johnson,Male,Cairo,2025-07-25,Egypt
122,Maria Logan,Male,Cairo,2024-04-01,Egypt
123,Mrs. Kimberly Dennis,Female,Cairo,2025-07-05,Egypt
124,Nathan Shelton,Female,Alexandria,2025-08-26,Egypt
125,David Miller,Male,Giza,2024-04-29,Egypt
126,Angela Navarro,Male,Cairo,2025-12-20,Egypt
127,William Wiggins,Male,Cairo,2024-11-16,Egypt
128,Cynthia Torres,Female,Cairo,2024-06-13,Egypt
129,William Flores,Female,Giza,2024-08-22,Egypt
130,Dana Mitchell,Male,Cairo,2025-01-25,Egypt
131,Melissa Garza,Male,Sohag,2025-12-19,Egypt
132,Sheri Hunter MD,Male,Giza,2025-04-04,Egypt
133,Amanda Wells,Male,Sohag,2024-04-18,Egypt
134,John Figueroa,Female,Cairo,2024-06-08,Egypt
135,Brian White,Female,Beni Suef,2024-02-07,Egypt
136,Theresa White,Male,Beni Suef,2024-11-17,Egypt
137,Nicole Allen,Female,Sohag,2024-03-28,Egypt
138,Sheri Robinson,Male,Cairo,2025-04-11,Egypt
139,Kenneth Young,Female,Cairo,2025-08-06,Egypt
140,Daniel Waters,Female,Giza,2025-07-17,Egypt
141,Michelle Cooper,Male,Giza,2025-03-17,Egypt
142,Todd Dixon,Female,Giza,2025-12-04,Egypt
143,Amber Glover,Male,Cairo,2024-05-16,Egypt
144,Louis Gregory,Male,Cairo,2025-07-05,Egypt
145,Nicole Small,Female,Cairo,2024-04-15,Egypt
146,Mary Murphy,Male,Cairo,2024-05-08,Egypt
147,Rose Vasquez,Male,Cairo,2024-03-20,Egypt
148,Evelyn Greene,Male,Alexandria,2024-09-23,Egypt
149,Michael Johnson,Female,Sohag,2024-09-08,Egypt
150,Chase Sampson,Female,Cairo,2025-04-30,Egypt
151,Taylor Miller,Female,Giza,2024-10-27,Egypt
152,Kyle Sims,Female,Cairo,2024-11-11,Egypt
153,Jose Vincent,Male,Beni Suef,2025-04-15,Egypt
154,Maria Gray,Female,Cairo,2024-05-16,Egypt
155,Timothy Butler,Female,Asyut,2024-11-22,Egypt
156,Brian Stone,Male,Giza,2024-03-28,Egypt
157,Zachary Dixon,Female,Giza,2025-03-27,Egypt
158,Isaiah Hill,Male,Alexandria,2025-12-20,Egypt
159,Dennis Krueger,Female,Cairo,2025-11-05,Egypt
160,Matthew Rodriguez,Female,Beni Suef,2025-03-04,Egypt
161,Dustin Allen,Female,Cairo,2025-12-25,Egypt
162,Steven Anderson,Male,Cairo,2025-03-02,Egypt
163,Brittany Campbell,Male,Cairo,2024-10-31,Egypt
164,James Bradford,Male,Cairo,2025-07-14,Egypt
165,Olivia Hood,Male,Cairo,2025-11-02,Egypt
166,Richard Gomez,Male,Giza,2024-12-06,Egypt
167,Fred Kline,Male,Beni Suef,2024-08-10,Egypt
168,Karen Villegas,Male,Cairo,2026-01-14,Egypt
169,Adam Grant,Male,Alexandria,2025-04-29,Egypt
170,Nancy Brown,Female,Cairo,2024-08-25,Egypt
171,Christopher Baker,Male,Cairo,2024-05-23,Egypt
172,Thomas Nelson,Female,Cairo,2025-07-13,Egypt
173,Lauren Watson,Male,Sohag,2024-05-20,Egypt
174,Jonathan Lane,Female,Cairo,2025-07-20,Egypt
175,Cameron Thomas,Female,Giza,2025-05-16,Egypt
176,Michael Duffy,Male,Cairo,2025-02-23,Egypt
177,Patricia Ramirez,Female,Sohag,2025-11-29,Egypt
178,Lori Butler,Male,Beni Suef,2026-01-05,Egypt
179,Joshua Cox,Female,Beni Suef,2024-07-20,Egypt
180,Alexander Hernandez,Female,Giza,2025-09-08,Egypt
181,Veronica Romero,Male,Cairo,2025-08-28,Egypt
182,Cassandra Malone,Male,Beni Suef,2024-11-19,Egypt
183,Katie Weeks,Male,Giza,2025-11-25,Egypt
184,Tammy Jackson,Male,Cairo,2024-02-29,Egypt
185,Erin Shields,Female,Cairo,2025-06-08,Egypt
186,Ronald King,Male,Sohag,2024-04-05,Egypt
187,Jane Green,Female,Cairo,2025-07-16,Egypt
188,David Payne,Male,Cairo,2025-02-07,Egypt
189,Jennifer Chapman,Female,Cairo,2025-08-28,Egypt
190,Kristine Gonzalez,Male,Alexandria,2024-05-03,Egypt
191,Michelle Walton,Male,Cairo,2025-01-03,Egypt
192,Nancy Smith,Male,Cairo,2024-04-04,Egypt
193,Taylor White,Female,Giza,2024-03-30,Egypt
194,Dale Price,Female,Cairo,2024-08-20,Egypt
195,Tyrone Sanchez,Female,Beni Suef,2024-02-28,Egypt
196,Eric Poole,Male,Cairo,2024-08-05,Egypt
197,Andrew Schmitt,Male,Asyut,2024-03-29,Egypt
198,Victor Santos,Female,Sohag,2025-05-10,Egypt
199,John Fritz,Male,Cairo,2025-02-05,Egypt
200,Ann Brooks,Female,Cairo,2025-01-25,Egypt
